{"cameraMode":{"drawMode":0,"name":"Shaded","section":"Shading Mode"},"sceneLighting":false,"audioPlay":false,"sceneViewState":{"m_AlwaysRefresh":false,"showFog":true,"showSkybox":false,"showFlares":true,"showImageEffects":true,"showParticleSystems":true,"showVisualEffectGraphs":true,"m_FxEnabled":true},"in2DMode":false,"pivot":{"x":-0.026584386825561525,"y":-0.6597771644592285,"z":-0.1145181655883789},"rotation":{"x":0.32002872228622439,"y":0.41797345876693728,"z":-0.16019554436206819,"w":0.8349990844726563},"size":6.392035961151123,"orthographic":false}